,Employee_Name,EmpID,Salary,Termd,PositionID,Position,Zip,DOB,Sex,MaritalDesc,CitizenDesc,HispanicLatino,RaceDesc,DateofHire,TermReason,EmploymentStatus,Department,ManagerName,ManagerID,RecruitmentSource,PerformanceScore,EngagementSurvey,EmpSatisfaction,LastPerformanceReview_Date,DaysLateLast30,Absences,age
0,"Adinolfi, Wilson  K",10026,62506,0,19,Production Technician I,1960,1983-07-10,M ,Single,US Citizen,No,White,7/5/2011,N/A-StillEmployed,Active,Production       ,Michael Albert,22.0,LinkedIn,Exceeds,4.6,5,1/17/2019,0,1,39
1,"Ait Sidi, Karthikeyan   ",10084,104437,1,27,Sr. DBA,2148,1975-05-05,M ,Married,US Citizen,No,White,3/30/2015,career change,Voluntarily Terminated,IT/IS,Simon Roup,4.0,Indeed,Fully Meets,4.96,3,2/24/2016,0,17,47
2,"Akinkuolie, Sarah",10196,64955,1,20,Production Technician II,1810,1988-09-19,F,Married,US Citizen,No,White,7/5/2011,hours,Voluntarily Terminated,Production       ,Kissy Sullivan,20.0,LinkedIn,Fully Meets,3.02,3,5/15/2012,0,3,34
3,"Alagbe,Trina",10088,64991,0,19,Production Technician I,1886,1988-09-27,F,Married,US Citizen,No,White,1/7/2008,N/A-StillEmployed,Active,Production       ,Elijiah Gray,16.0,Indeed,Fully Meets,4.84,5,1/3/2019,0,15,34
4,"Anderson, Carol ",10069,50825,1,19,Production Technician I,2169,1989-09-08,F,Divorced,US Citizen,No,White,7/11/2011,return to school,Voluntarily Terminated,Production       ,Webster Butler,39.0,Google Search,Fully Meets,5.0,4,2/1/2016,0,2,33
5,"Anderson, Linda  ",10002,57568,0,19,Production Technician I,1844,1977-05-22,F,Single,US Citizen,No,White,1/9/2012,N/A-StillEmployed,Active,Production       ,Amy Dunn,11.0,LinkedIn,Exceeds,5.0,5,1/7/2019,0,15,45
6,"Andreola, Colby",10194,95660,0,24,Software Engineer,2110,1979-05-24,F,Single,US Citizen,No,White,11/10/2014,N/A-StillEmployed,Active,Software Engineering,Alex Sweetwater,10.0,LinkedIn,Fully Meets,3.04,3,1/2/2019,0,19,43
7,"Athwal, Sam",10062,59365,0,19,Production Technician I,2199,1983-02-18,M ,Widowed,US Citizen,No,White,9/30/2013,N/A-StillEmployed,Active,Production       ,Ketsia Liebig,19.0,Employee Referral,Fully Meets,5.0,4,2/25/2019,0,19,40
8,"Bachiochi, Linda",10114,47837,0,19,Production Technician I,1902,2070-02-11,F,Single,US Citizen,No,Black or African American,7/6/2009,N/A-StillEmployed,Active,Production       ,Brannon Miller,12.0,Diversity Job Fair,Fully Meets,4.46,3,1/25/2019,0,4,-47
9,"Bacong, Alejandro ",10250,50178,0,14,IT Support,1886,1988-01-07,M ,Divorced,US Citizen,No,White,1/5/2015,N/A-StillEmployed,Active,IT/IS,Peter Monroe,7.0,Indeed,Fully Meets,5.0,5,2/18/2019,0,16,35
10,"Baczenski, Rachael  ",10252,54670,1,19,Production Technician I,1902,1974-01-12,F,Married,US Citizen,Yes,Black or African American,1/10/2011,Another position,Voluntarily Terminated,Production       ,David Stanley,14.0,Diversity Job Fair,Fully Meets,4.2,4,1/30/2016,0,12,49
11,"Barbara, Thomas",10242,47211,1,19,Production Technician I,2062,1974-02-21,M ,Married,US Citizen,Yes,Black or African American,4/2/2012,unhappy,Voluntarily Terminated,Production       ,Kissy Sullivan,20.0,Diversity Job Fair,Fully Meets,4.2,3,5/6/2016,0,15,49
12,"Barbossa, Hector",10012,92328,0,9,Data Analyst,78230,1988-07-04,M ,Divorced,US Citizen,No,Black or African American,11/10/2014,N/A-StillEmployed,Active,IT/IS,Simon Roup,4.0,Diversity Job Fair,Exceeds,4.28,4,2/25/2019,0,9,34
13,"Barone, Francesco  A",10265,58709,0,19,Production Technician I,1810,1983-07-20,M ,Single,US Citizen,No,Two or more races,2/20/2012,N/A-StillEmployed,Active,Production       ,Kelley Spirea,18.0,Google Search,Fully Meets,4.6,4,2/14/2019,0,7,39
14,"Barton, Nader",10066,52505,1,19,Production Technician I,2747,1977-07-15,M ,Divorced,US Citizen,No,White,9/24/2012,Another position,Voluntarily Terminated,Production       ,Michael Albert,22.0,On-line Web application,Fully Meets,5.0,5,3/2/2017,0,1,45
15,"Bates, Norman",10061,57834,1,19,Production Technician I,2050,1981-10-18,M ,Single,US Citizen,No,White,2/21/2011,attendance,Terminated for Cause,Production       ,Kelley Spirea,18.0,Google Search,Fully Meets,5.0,4,4/5/2017,0,20,41
16,"Beak, Kimberly  ",10023,70131,0,20,Production Technician II,2145,2066-04-17,F,Married,US Citizen,No,White,7/21/2016,N/A-StillEmployed,Active,Production       ,Kelley Spirea,18.0,Employee Referral,Exceeds,4.4,3,1/14/2019,0,16,-44
17,"Beatrice, Courtney ",10055,59026,0,19,Production Technician I,1915,2070-10-27,F,Single,Eligible NonCitizen,No,White,4/4/2011,N/A-StillEmployed,Active,Production       ,Elijiah Gray,16.0,Google Search,Fully Meets,5.0,5,1/14/2019,0,12,-48
18,"Becker, Renee",10245,110000,1,8,Database Administrator,2026,1986-04-04,F,Single,US Citizen,Yes,White,7/7/2014,performance,Terminated for Cause,IT/IS,Simon Roup,4.0,Google Search,Fully Meets,4.5,4,1/15/2015,0,8,36
19,"Becker, Scott",10277,53250,0,19,Production Technician I,2452,1979-04-06,M ,Single,US Citizen,No,Asian,7/8/2013,N/A-StillEmployed,Active,Production       ,Webster Butler,,LinkedIn,Fully Meets,4.2,4,1/11/2019,0,13,43
20,"Bernstein, Sean",10046,51044,0,19,Production Technician I,2072,2070-12-22,M ,Single,US Citizen,Yes,White,4/2/2012,N/A-StillEmployed,Active,Production       ,Amy Dunn,11.0,Google Search,Fully Meets,5.0,3,1/14/2019,0,13,-48
21,"Biden, Lowan  M",10226,64919,0,19,Production Technician I,2027,2058-12-27,F,Divorced,US Citizen,No,Asian,8/19/2013,N/A-StillEmployed,Active,Production       ,Ketsia Liebig,19.0,Indeed,Fully Meets,4.2,3,1/10/2019,0,2,-36
22,"Billis, Helen",10003,62910,0,19,Production Technician I,2031,1989-09-01,F,Married,US Citizen,No,White,7/7/2014,N/A-StillEmployed,Active,Production       ,Brannon Miller,12.0,Indeed,Exceeds,5.0,3,2/27/2019,0,19,33
23,"Blount, Dianna",10294,66441,0,20,Production Technician II,2171,1990-09-21,F,Single,US Citizen,No,White,4/4/2011,N/A-StillEmployed,Active,Production       ,Michael Albert,22.0,CareerBuilder,Needs Improvement,2.0,3,2/27/2019,2,3,32
24,"Bondwell, Betsy",10267,57815,1,20,Production Technician II,2210,2067-01-16,F,Single,US Citizen,No,White,1/10/2011,career change,Voluntarily Terminated,Production       ,Elijiah Gray,16.0,Google Search,Fully Meets,4.8,5,3/4/2014,0,5,-44
25,"Booth, Frank",10199,103613,1,30,Enterprise Architect,6033,2064-07-30,M ,Single,US Citizen,No,Black or African American,2/17/2014,Learned that he is a gangster,Terminated for Cause,IT/IS,Simon Roup,4.0,LinkedIn,Fully Meets,3.5,5,1/10/2016,0,2,-42
26,"Boutwell, Bonalyn",10081,106367,0,26,Sr. Accountant,2468,1987-04-04,F,Married,US Citizen,No,Black or African American,2/16/2015,N/A-StillEmployed,Active,Admin Offices,Brandon R. LeBlanc,3.0,Diversity Job Fair,Fully Meets,5.0,4,2/18/2019,0,4,35
27,"Bozzi, Charles",10175,74312,1,18,Production Manager,1901,2070-03-10,M ,Single,US Citizen,No,Asian,9/30/2013,retiring,Voluntarily Terminated,Production       ,Janet King,2.0,Indeed,Fully Meets,3.39,3,2/20/2014,0,14,-48
28,"Brill, Donna",10177,53492,1,19,Production Technician I,1701,1990-08-24,F,Married,US Citizen,No,White,4/2/2012,Another position,Voluntarily Terminated,Production       ,David Stanley,14.0,Google Search,Fully Meets,3.35,4,3/4/2013,0,6,32
29,"Brown, Mia",10238,63000,0,1,Accountant I,1450,1987-11-24,F,Married,US Citizen,No,Black or African American,10/27/2008,N/A-StillEmployed,Active,Admin Offices,Brandon R. LeBlanc,1.0,Diversity Job Fair,Fully Meets,4.5,2,1/15/2019,0,14,35
30,"Buccheri, Joseph  ",10184,65288,0,20,Production Technician II,1013,1983-07-28,M ,Single,US Citizen,No,White,9/29/2014,N/A-StillEmployed,Active,Production       ,Webster Butler,,Google Search,Fully Meets,3.19,3,2/1/2019,0,9,39
31,"Bugali, Josephine ",10203,64375,0,19,Production Technician I,2043,2069-10-30,F,Separated,US Citizen,No,Black or African American,11/11/2013,N/A-StillEmployed,Active,Production       ,Kissy Sullivan,20.0,Diversity Job Fair,Fully Meets,3.5,5,1/21/2019,0,17,-47
32,"Bunbury, Jessica",10188,74326,1,3,Area Sales Manager,21851,2064-06-01,F,Married,Eligible NonCitizen,No,Black or African American,8/15/2011,Another position,Voluntarily Terminated,Sales,John Smith,17.0,Google Search,Fully Meets,3.14,5,2/10/2013,1,19,-42
33,"Burke, Joelle",10107,63763,0,20,Production Technician II,2148,1980-03-02,F,Single,US Citizen,No,Black or African American,3/5/2012,N/A-StillEmployed,Active,Production       ,Amy Dunn,11.0,Employee Referral,Fully Meets,4.51,4,2/21/2019,0,3,42
34,"Burkett, Benjamin ",10181,62162,0,20,Production Technician II,1890,1977-08-19,M ,Married,US Citizen,No,White,4/4/2011,N/A-StillEmployed,Active,Production       ,Ketsia Liebig,19.0,Indeed,Fully Meets,3.25,5,1/14/2019,0,15,45
35,"Cady, Max ",10150,77692,0,25,Software Engineering Manager,2184,2066-11-22,M ,Single,US Citizen,No,White,8/15/2011,N/A-StillEmployed,Active,Software Engineering,Jennifer Zamora,5.0,Google Search,Fully Meets,3.84,3,1/21/2019,0,4,-44
36,"Candie, Calvin",10001,72640,0,18,Production Manager,2169,1983-08-09,M ,Single,US Citizen,No,White,1/28/2016,N/A-StillEmployed,Active,Production       ,Janet King,2.0,Indeed,Exceeds,5.0,3,2/22/2019,0,14,39
37,"Carabbio, Judith",10085,93396,0,24,Software Engineer,2132,1987-04-05,F,Single,US Citizen,No,White,11/11/2013,N/A-StillEmployed,Active,Software Engineering,Alex Sweetwater,10.0,Indeed,Fully Meets,4.96,4,1/30/2019,0,3,35
38,"Carey, Michael  ",10115,52846,0,19,Production Technician I,1701,1983-02-02,M ,Single,US Citizen,No,Black or African American,3/31/2014,N/A-StillEmployed,Active,Production       ,Kelley Spirea,18.0,LinkedIn,Fully Meets,4.43,3,2/1/2019,0,14,40
39,"Carr, Claudia  N",10082,100031,0,27,Sr. DBA,1886,1986-06-06,F,Single,US Citizen,No,Black or African American,6/30/2016,N/A-StillEmployed,Active,IT/IS,Simon Roup,4.0,LinkedIn,Fully Meets,5.0,5,2/18/2019,0,7,36
40,"Carter, Michelle ",10040,71860,0,3,Area Sales Manager,5664,2063-05-15,F,Single,US Citizen,No,White,8/18/2014,N/A-StillEmployed,Active,Sales,John Smith,17.0,Indeed,Fully Meets,5.0,5,1/21/2019,0,7,-41
41,"Chace, Beatrice ",10067,61656,0,19,Production Technician I,2763,2051-01-02,F,Single,US Citizen,No,White,9/29/2014,N/A-StillEmployed,Active,Production       ,Michael Albert,22.0,Google Search,Fully Meets,5.0,4,2/12/2019,0,11,-28
42,"Champaigne, Brian",10108,110929,0,5,BI Director,2045,2072-02-09,M ,Married,US Citizen,No,White,9/6/2016,N/A-StillEmployed,Active,IT/IS,Jennifer Zamora,5.0,Indeed,Fully Meets,4.5,5,1/15/2019,0,8,-49
43,"Chan, Lin",10210,54237,0,19,Production Technician I,2170,1979-02-12,F,Single,US Citizen,No,White,5/12/2014,N/A-StillEmployed,Active,Production       ,Elijiah Gray,16.0,Indeed,Fully Meets,3.3,4,2/19/2019,0,11,44
44,"Chang, Donovan  E",10154,60380,0,19,Production Technician I,1845,1983-08-24,M ,Single,US Citizen,No,White,7/8/2013,N/A-StillEmployed,Active,Production       ,Webster Butler,,LinkedIn,Fully Meets,3.8,5,1/14/2019,0,4,39
45,"Chigurh, Anton",10200,66808,0,3,Area Sales Manager,78207,2070-06-11,M ,Single,Eligible NonCitizen,No,Black or African American,5/14/2012,N/A-StillEmployed,Active,Sales,Lynn Daneault,21.0,Employee Referral,Fully Meets,3.0,5,1/19/2019,0,17,-48
46,"Chivukula, Enola",10240,64786,1,19,Production Technician I,1775,1983-08-27,F,Single,US Citizen,No,White,6/27/2011,relocation out of area,Voluntarily Terminated,Production       ,Amy Dunn,11.0,Indeed,Fully Meets,4.3,4,3/10/2015,0,3,39
47,"Cierpiszewski, Caroline  ",10168,64816,0,19,Production Technician I,2044,1988-05-31,F,Single,Non-Citizen,No,Black or African American,10/3/2011,N/A-StillEmployed,Active,Production       ,Ketsia Liebig,19.0,Indeed,Fully Meets,3.58,5,1/30/2019,0,3,34
48,"Clayton, Rick",10220,68678,0,14,IT Support,2170,1985-09-05,M ,Single,US Citizen,No,White,9/5/2012,N/A-StillEmployed,Active,IT/IS,Eric Dougall,6.0,Indeed,Fully Meets,4.7,3,2/27/2019,0,2,37
49,"Cloninger, Jennifer",10275,64066,1,20,Production Technician II,1752,1981-08-31,F,Married,US Citizen,No,White,5/16/2011,unhappy,Voluntarily Terminated,Production       ,Brannon Miller,12.0,Google Search,Fully Meets,4.2,5,5/3/2012,0,9,41
50,"Close, Phil",10269,59369,1,20,Production Technician II,2169,1978-11-25,M ,Married,US Citizen,No,White,8/30/2010,career change,Voluntarily Terminated,Production       ,David Stanley,14.0,Indeed,Fully Meets,4.2,4,5/4/2011,0,6,44
51,"Clukey, Elijian",10029,50373,0,19,Production Technician I,2134,1980-08-26,M ,Married,US Citizen,No,White,7/6/2016,N/A-StillEmployed,Active,Production       ,Brannon Miller,12.0,Employee Referral,Exceeds,4.1,4,2/28/2019,0,5,42
52,"Cockel, James",10261,63108,0,19,Production Technician I,2452,1977-09-08,M ,Single,US Citizen,No,White,7/8/2013,N/A-StillEmployed,Active,Production       ,David Stanley,14.0,Employee Referral,Fully Meets,4.4,5,1/14/2019,0,3,45
53,"Cole, Spencer",10292,59144,1,19,Production Technician I,1880,1979-08-12,M ,Single,US Citizen,No,Black or African American,7/11/2011,performance,Terminated for Cause,Production       ,Kissy Sullivan,20.0,LinkedIn,Needs Improvement,2.0,3,5/1/2016,5,16,43
54,"Corleone, Michael",10282,68051,0,18,Production Manager,1803,1975-12-17,M ,Divorced,US Citizen,No,White,7/20/2010,N/A-StillEmployed,Active,Production       ,Janet King,2.0,CareerBuilder,Needs Improvement,4.13,2,1/14/2019,3,3,47
55,"Corleone, Vito",10019,170500,0,10,Director of Operations,2030,1983-03-19,M ,Single,US Citizen,No,Black or African American,1/5/2009,N/A-StillEmployed,Active,Production       ,Janet King,2.0,Indeed,Exceeds,3.7,5,2/4/2019,0,15,39
56,"Cornett, Lisa ",10094,63381,0,19,Production Technician I,2189,1977-03-31,F,Married,US Citizen,Yes,White,1/5/2015,N/A-StillEmployed,Active,Production       ,Kelley Spirea,18.0,Indeed,Fully Meets,4.73,5,2/14/2019,0,6,45
57,"Costello, Frank",10193,83552,0,9,Data Analyst,1810,1986-08-26,M ,Married,US Citizen,No,White,3/30/2015,N/A-StillEmployed,Active,IT/IS,Simon Roup,4.0,Indeed,Fully Meets,3.04,3,1/22/2019,0,2,36
58,"Crimmings,   Jean",10132,56149,0,19,Production Technician I,1821,1987-04-10,F,Single,US Citizen,No,White,7/6/2016,N/A-StillEmployed,Active,Production       ,Michael Albert,22.0,LinkedIn,Fully Meets,4.12,5,1/28/2019,0,15,35
59,"Cross, Noah",10083,92329,0,28,Sr. Network Engineer,6278,2065-09-09,M ,Single,US Citizen,No,White,11/10/2014,N/A-StillEmployed,Active,IT/IS,Peter Monroe,7.0,Employee Referral,Fully Meets,5.0,3,1/2/2019,0,5,-43
60,"Daneault, Lynn",10099,65729,0,21,Sales Manager,5473,1990-04-19,F,Single,US Citizen,No,White,5/5/2014,N/A-StillEmployed,Active,Sales,Debra Houlihan,15.0,Indeed,Fully Meets,4.62,4,1/24/2019,0,8,32
61,"Daniele, Ann  ",10212,85028,0,28,Sr. Network Engineer,6033,2052-01-18,F,Married,US Citizen,No,White,11/10/2014,N/A-StillEmployed,Active,IT/IS,Peter Monroe,7.0,LinkedIn,Fully Meets,3.1,5,2/12/2019,0,19,-29
62,"Darson, Jene'ya ",10056,57583,0,19,Production Technician I,2110,1978-11-05,F,Married,US Citizen,No,White,7/2/2012,N/A-StillEmployed,Active,Production       ,Elijiah Gray,16.0,Indeed,Fully Meets,5.0,3,2/25/2019,0,1,44
63,"Davis, Daniel",10143,56294,0,20,Production Technician II,2458,1979-09-14,M ,Single,Eligible NonCitizen,No,Two or more races,11/7/2011,N/A-StillEmployed,Active,Production       ,Kissy Sullivan,20.0,LinkedIn,Fully Meets,3.96,4,2/27/2019,0,6,43
64,"Dee, Randy",10311,56991,0,19,Production Technician I,2138,1988-04-15,M ,Married,US Citizen,No,White,7/9/2018,N/A-StillEmployed,Active,Production       ,Brannon Miller,12.0,Indeed,Fully Meets,4.3,4,1/31/2019,2,2,34
65,"DeGweck,  James",10070,55722,1,19,Production Technician I,1810,1977-10-31,M ,Married,US Citizen,No,White,5/16/2011,unhappy,Voluntarily Terminated,Production       ,Webster Butler,39.0,Indeed,Fully Meets,5.0,4,4/2/2016,0,14,45
66,"Del Bosque, Keyla",10155,101199,0,24,Software Engineer,2176,1979-07-05,F,Single,US Citizen,No,Black or African American,1/9/2012,N/A-StillEmployed,Active,Software Engineering,Alex Sweetwater,10.0,CareerBuilder,Fully Meets,3.79,5,1/25/2019,0,8,43
67,"Delarge, Alex",10306,61568,0,3,Area Sales Manager,36006,1975-11-02,M ,Single,US Citizen,No,Two or more races,9/29/2014,N/A-StillEmployed,Active,Sales,John Smith,17.0,Indeed,PIP,1.93,3,1/30/2019,6,5,47
68,"Demita, Carla",10100,58275,1,20,Production Technician II,2343,2051-02-25,F,Separated,US Citizen,No,Black or African American,4/4/2011,more money,Voluntarily Terminated,Production       ,Kelley Spirea,18.0,Google Search,Fully Meets,4.62,5,5/6/2015,0,1,-29
69,"Desimone, Carl ",10310,53189,0,19,Production Technician I,2061,2067-04-19,M ,Married,US Citizen,No,White,7/7/2014,N/A-StillEmployed,Active,Production       ,Amy Dunn,11.0,Indeed,PIP,1.12,2,1/31/2019,4,9,-45
70,"DeVito, Tommy",10197,96820,0,4,BI Developer,2045,1983-09-04,M ,Single,US Citizen,No,White,2/15/2017,N/A-StillEmployed,Active,IT/IS,Brian Champaigne,13.0,Indeed,Fully Meets,3.01,5,1/23/2019,0,15,39
71,"Dickinson, Geoff ",10276,51259,0,19,Production Technician I,2180,1982-11-15,M ,Single,US Citizen,No,White,5/12/2014,N/A-StillEmployed,Active,Production       ,Ketsia Liebig,19.0,Indeed,Fully Meets,4.3,4,2/19/2019,0,1,40
72,"Dietrich, Jenna  ",10304,59231,0,3,Area Sales Manager,98052,1987-05-14,F,Single,US Citizen,Yes,White,2/20/2012,N/A-StillEmployed,Active,Sales,John Smith,17.0,Website,PIP,2.3,1,1/29/2019,2,17,35
73,"DiNocco, Lily ",10284,61584,0,19,Production Technician I,2351,1978-12-02,F,Married,US Citizen,No,Black or African American,1/7/2013,N/A-StillEmployed,Active,Production       ,Brannon Miller,12.0,Indeed,Needs Improvement,3.88,4,1/18/2019,0,6,44
74,"Dobrin, Denisa  S",10207,46335,0,19,Production Technician I,2125,1986-10-07,F,Single,US Citizen,Yes,White,4/2/2012,N/A-StillEmployed,Active,Production       ,David Stanley,14.0,CareerBuilder,Fully Meets,3.4,5,2/19/2019,0,15,36
75,"Dolan, Linda",10133,70621,0,14,IT Support,2119,1988-07-18,F,Married,US Citizen,No,White,1/5/2015,N/A-StillEmployed,Active,IT/IS,Peter Monroe,7.0,Employee Referral,Fully Meets,4.11,4,2/25/2019,0,16,34
76,"Dougall, Eric",10028,138888,0,13,IT Manager - Support,1886,2070-07-09,M ,Single,US Citizen,No,Black or African American,1/5/2014,N/A-StillEmployed,Active,IT/IS,Jennifer Zamora,5.0,Indeed,Exceeds,4.3,5,1/4/2019,0,4,-48
77,"Driver, Elle",10006,74241,0,3,Area Sales Manager,90007,1988-11-08,F,Single,US Citizen,No,White,1/10/2011,N/A-StillEmployed,Active,Sales,Lynn Daneault,21.0,Indeed,Exceeds,4.77,5,1/27/2019,0,14,34
78,"Dunn, Amy  ",10105,75188,0,18,Production Manager,1731,1973-11-28,F,Single,US Citizen,No,White,9/18/2014,N/A-StillEmployed,Active,Production       ,Janet King,2.0,Google Search,Fully Meets,4.52,4,1/15/2019,0,4,49
79,"Dunne, Amy",10211,62514,0,19,Production Technician I,1749,1973-09-23,F,Married,US Citizen,No,White,4/26/2010,N/A-StillEmployed,Active,Production       ,Ketsia Liebig,19.0,Google Search,Fully Meets,2.9,3,1/21/2019,0,6,49
80,"Eaton, Marianne",10064,60070,1,19,Production Technician I,2343,1991-09-05,F,Married,US Citizen,No,White,4/4/2011,military,Voluntarily Terminated,Production       ,Kissy Sullivan,20.0,Google Search,Fully Meets,5.0,3,4/9/2017,0,7,31
81,"Engdahl, Jean",10247,48888,0,19,Production Technician I,2026,1974-05-31,M ,Single,US Citizen,No,White,11/10/2014,N/A-StillEmployed,Active,Production       ,Kelley Spirea,18.0,LinkedIn,Fully Meets,4.7,5,2/13/2019,0,8,48
82,"England, Rex",10235,54285,0,19,Production Technician I,2045,1978-08-25,M ,Married,US Citizen,No,White,3/31/2014,N/A-StillEmployed,Active,Production       ,Kelley Spirea,18.0,Employee Referral,Fully Meets,4.2,3,1/11/2019,0,3,44
83,"Erilus, Angela",10299,56847,0,20,Production Technician II,2133,1989-08-25,F,Separated,US Citizen,No,White,7/7/2014,N/A-StillEmployed,Active,Production       ,Michael Albert,22.0,Indeed,PIP,3.0,1,2/25/2019,2,5,33
84,"Estremera, Miguel",10280,60340,1,19,Production Technician I,2129,1983-09-02,M ,Single,US Citizen,No,White,4/2/2012,attendance,Terminated for Cause,Production       ,Michael Albert,22.0,Google Search,Needs Improvement,5.0,4,4/12/2018,5,16,39
85,"Evensen, April",10296,59124,1,19,Production Technician I,2458,1989-05-06,F,Single,US Citizen,No,White,2/17/2014,"no-call, no-show",Terminated for Cause,Production       ,Elijiah Gray,16.0,Google Search,Needs Improvement,2.3,3,1/15/2017,5,19,33
86,"Exantus, Susan",10290,99280,1,24,Software Engineer,1749,1987-05-15,F,Married,US Citizen,No,Black or African American,5/2/2011,attendance,Terminated for Cause,Software Engineering,Alex Sweetwater,10.0,Indeed,Needs Improvement,2.1,5,8/10/2012,4,19,35
87,"Faller, Megan ",10263,71776,0,20,Production Technician II,1824,1978-09-22,F,Married,US Citizen,No,Black or African American,7/7/2014,N/A-StillEmployed,Active,Production       ,Elijiah Gray,16.0,LinkedIn,Fully Meets,4.4,5,2/22/2019,0,17,44
88,"Fancett, Nicole",10136,65902,0,20,Production Technician II,2324,1987-09-27,F,Single,US Citizen,No,Black or African American,2/17/2014,N/A-StillEmployed,Active,Production       ,Webster Butler,,LinkedIn,Fully Meets,4.0,4,1/7/2019,0,7,35
89,"Ferguson, Susan",10189,57748,1,19,Production Technician I,2176,2055-04-14,F,Married,US Citizen,No,White,11/7/2011,military,Voluntarily Terminated,Production       ,Webster Butler,39.0,Google Search,Fully Meets,3.13,3,2/4/2016,0,16,-33
90,"Fernandes, Nilson  ",10308,64057,0,19,Production Technician I,2132,1989-10-18,M ,Married,US Citizen,No,White,5/11/2015,N/A-StillEmployed,Active,Production       ,Amy Dunn,11.0,Indeed,PIP,1.56,5,1/3/2019,6,15,33
91,"Fett, Boba",10309,53366,0,15,Network Engineer,2138,1987-06-18,M ,Single,US Citizen,No,White,3/30/2015,N/A-StillEmployed,Active,IT/IS,Peter Monroe,7.0,LinkedIn,PIP,1.2,3,2/4/2019,3,2,35
92,"Fidelia,  Libby",10049,58530,0,19,Production Technician I,2155,1981-03-16,F,Married,US Citizen,No,White,1/9/2012,N/A-StillEmployed,Active,Production       ,Brannon Miller,12.0,Google Search,Fully Meets,5.0,5,1/29/2019,0,19,41
93,"Fitzpatrick, Michael  J",10093,72609,1,20,Production Technician II,2143,1981-10-01,M ,Single,US Citizen,Yes,White,5/16/2011,hours,Voluntarily Terminated,Production       ,Amy Dunn,11.0,Google Search,Fully Meets,4.76,5,4/5/2013,0,20,41
94,"Foreman, Tanya",10163,55965,1,20,Production Technician II,2170,1983-11-08,F,Married,US Citizen,No,White,4/4/2011,career change,Voluntarily Terminated,Production       ,Ketsia Liebig,19.0,Google Search,Fully Meets,3.66,3,1/7/2012,0,6,39
95,"Forrest, Alex",10305,70187,1,3,Area Sales Manager,2330,1975-07-07,M ,Married,US Citizen,No,White,9/29/2014,Fatal attraction,Terminated for Cause,Sales,Lynn Daneault,21.0,Employee Referral,PIP,2.0,5,1/28/2019,4,7,47
96,"Foss, Jason",10015,178000,0,12,IT Director,1460,1980-07-05,M ,Single,US Citizen,No,Black or African American,4/15/2011,N/A-StillEmployed,Active,IT/IS,Jennifer Zamora,5.0,Indeed,Exceeds,5.0,5,1/7/2019,0,15,42
97,"Foster-Baker, Amy",10080,99351,0,26,Sr. Accountant,2050,1979-04-16,F,Married,US Citizen,no,White,1/5/2009,N/A-StillEmployed,Active,Admin Offices,Board of Directors,9.0,Other,Fully Meets,5.0,3,2/8/2019,0,3,43
98,"Fraval, Maruk ",10258,67251,0,3,Area Sales Manager,6050,2063-08-28,M ,Single,US Citizen,No,Black or African American,9/6/2011,N/A-StillEmployed,Active,Sales,Lynn Daneault,21.0,CareerBuilder,Fully Meets,4.3,3,1/27/2019,2,7,-41
99,"Galia, Lisa",10273,65707,0,14,IT Support,6040,2068-07-06,F,Single,US Citizen,No,White,5/1/2010,N/A-StillEmployed,Active,IT/IS,Eric Dougall,6.0,LinkedIn,Fully Meets,4.7,4,2/1/2019,0,1,-46
100,"Garcia, Raul",10111,52249,0,19,Production Technician I,1905,1985-09-15,M ,Single,US Citizen,Yes,White,3/30/2015,N/A-StillEmployed,Active,Production       ,David Stanley,14.0,Employee Referral,Fully Meets,4.5,3,2/18/2019,0,5,37
101,"Gaul, Barbara",10257,53171,0,19,Production Technician I,2121,1983-12-02,F,Single,US Citizen,Yes,Black or African American,5/16/2011,N/A-StillEmployed,Active,Production       ,Kelley Spirea,18.0,LinkedIn,Fully Meets,4.2,4,2/26/2019,0,12,39
102,"Gentry, Mildred",10159,51337,0,19,Production Technician I,2145,1990-10-01,F,Married,US Citizen,No,Black or African American,3/30/2015,N/A-StillEmployed,Active,Production       ,Michael Albert,22.0,LinkedIn,Fully Meets,3.73,3,1/16/2019,0,19,32
103,"Gerke, Melisa",10122,51505,1,19,Production Technician I,2330,2070-05-15,F,Divorced,US Citizen,No,Black or African American,11/7/2011,hours,Voluntarily Terminated,Production       ,Elijiah Gray,16.0,Diversity Job Fair,Fully Meets,4.24,4,4/29/2016,0,2,-48
104,"Gill, Whitney  ",10142,59370,1,3,Area Sales Manager,43050,2071-07-10,F,Widowed,US Citizen,No,Black or African American,7/7/2014,attendance,Terminated for Cause,Sales,John Smith,17.0,CareerBuilder,Fully Meets,3.97,4,1/15/2014,0,7,-49
105,"Gilles, Alex",10283,54933,1,19,Production Technician I,2062,1974-08-09,M ,Married,US Citizen,No,Black or African American,4/2/2012,military,Voluntarily Terminated,Production       ,Webster Butler,39.0,Diversity Job Fair,Needs Improvement,3.97,4,1/20/2015,3,15,48
106,"Girifalco, Evelyn",10018,57815,0,19,Production Technician I,2451,1980-05-08,F,Single,US Citizen,Yes,Two or more races,9/29/2014,N/A-StillEmployed,Active,Production       ,Amy Dunn,11.0,Indeed,Exceeds,3.9,4,2/7/2019,0,3,42
107,"Givens, Myriam",10255,61555,0,3,Area Sales Manager,46204,1989-09-22,F,Single,US Citizen,No,White,2/16/2015,N/A-StillEmployed,Active,Sales,Lynn Daneault,21.0,Indeed,Fully Meets,4.5,5,1/25/2019,0,20,33
108,"Goble, Taisha",10246,114800,1,8,Database Administrator,2127,2071-10-23,F,Single,US Citizen,No,White,2/16/2015,"no-call, no-show",Terminated for Cause,IT/IS,Simon Roup,4.0,Indeed,Fully Meets,4.6,4,1/20/2015,0,10,-49
109,"Goeth, Amon",10228,74679,0,14,IT Support,2135,1989-11-24,M ,Married,US Citizen,Yes,White,3/30/2015,N/A-StillEmployed,Active,IT/IS,Peter Monroe,7.0,LinkedIn,Fully Meets,4.3,5,1/10/2019,0,20,33
110,"Gold, Shenice  ",10243,53018,0,19,Production Technician I,2451,1992-06-18,F,Single,US Citizen,Yes,White,11/11/2013,N/A-StillEmployed,Active,Production       ,Ketsia Liebig,19.0,Indeed,Fully Meets,4.3,5,2/18/2019,0,7,30
111,"Gonzalez, Cayo",10031,59892,0,19,Production Technician I,2108,2069-09-29,M ,Divorced,US Citizen,No,Black or African American,7/11/2011,N/A-StillEmployed,Active,Production       ,Brannon Miller,12.0,Diversity Job Fair,Exceeds,4.5,4,2/18/2019,0,1,-47
112,"Gonzalez, Juan",10300,68898,1,20,Production Technician II,2128,2064-10-12,M ,Married,US Citizen,No,Black or African American,4/26/2010,career change,Voluntarily Terminated,Production       ,Brannon Miller,12.0,Diversity Job Fair,PIP,3.0,3,3/6/2011,3,10,-42
113,"Gonzalez, Maria",10101,61242,0,14,IT Support,2472,1981-04-16,F,Separated,US Citizen,Yes,White,1/5/2015,N/A-StillEmployed,Active,IT/IS,Peter Monroe,7.0,Employee Referral,Fully Meets,4.61,4,1/28/2019,0,11,41
114,"Good, Susan",10237,66825,0,20,Production Technician II,1886,1986-05-25,F,Married,US Citizen,No,White,5/12/2014,N/A-StillEmployed,Active,Production       ,David Stanley,14.0,LinkedIn,Fully Meets,4.6,3,2/7/2019,0,20,36
115,"Gordon, David",10051,48285,0,19,Production Technician I,2169,1979-05-21,M ,Married,US Citizen,No,White,7/2/2012,N/A-StillEmployed,Active,Production       ,David Stanley,14.0,LinkedIn,Fully Meets,5.0,3,1/14/2019,0,2,43
116,"Gosciminski, Phylicia  ",10218,66149,0,20,Production Technician II,1824,1983-12-08,F,Separated,US Citizen,No,American Indian or Alaska Native,9/30/2013,N/A-StillEmployed,Active,Production       ,Kissy Sullivan,20.0,Google Search,Fully Meets,4.4,5,2/21/2019,0,1,39
117,"Goyal, Roxana",10256,49256,0,19,Production Technician I,1864,1974-10-09,F,Married,US Citizen,No,Asian,8/19/2013,N/A-StillEmployed,Active,Production       ,Kissy Sullivan,20.0,LinkedIn,Fully Meets,4.1,5,2/15/2019,0,3,48
118,"Gray, Elijiah  ",10098,62957,0,18,Production Manager,1752,1981-07-11,M ,Divorced,US Citizen,No,White,6/2/2015,N/A-StillEmployed,Active,Production       ,Janet King,2.0,Employee Referral,Fully Meets,4.63,3,1/4/2019,0,2,41
119,"Gross, Paula",10059,63813,1,19,Production Technician I,2176,1983-05-21,F,Divorced,US Citizen,No,White,2/21/2011,more money,Voluntarily Terminated,Production       ,Kelley Spirea,18.0,CareerBuilder,Fully Meets,5.0,5,6/3/2013,0,17,39
120,"Gruber, Hans",10234,99020,0,4,BI Developer,2134,1989-06-30,M ,Married,US Citizen,No,Black or African American,4/20/2017,N/A-StillEmployed,Active,IT/IS,Brian Champaigne,13.0,Indeed,Fully Meets,4.2,5,1/28/2019,0,8,33
121,"Guilianno, Mike",10109,71707,1,3,Area Sales Manager,37129,2069-02-09,M ,Single,US Citizen,No,Two or more races,3/7/2012,relocation out of area,Voluntarily Terminated,Sales,John Smith,17.0,LinkedIn,Fully Meets,4.5,5,2/1/2013,0,20,-46
122,"Handschiegl, Joanne",10125,54828,0,19,Production Technician I,2127,1977-03-23,F,Married,US Citizen,No,White,11/28/2011,N/A-StillEmployed,Active,Production       ,Michael Albert,22.0,Google Search,Fully Meets,4.2,4,2/22/2019,0,13,45
123,"Hankard, Earnest",10074,64246,0,20,Production Technician II,2155,1988-08-10,M ,Single,US Citizen,Yes,White,11/11/2013,N/A-StillEmployed,Active,Production       ,Kelley Spirea,18.0,LinkedIn,Fully Meets,5.0,3,1/8/2019,0,20,34
124,"Harrington, Christie ",10097,52177,1,19,Production Technician I,2324,2052-08-18,F,Single,US Citizen,No,White,1/9/2012,retiring,Voluntarily Terminated,Production       ,Webster Butler,39.0,CareerBuilder,Fully Meets,4.64,4,5/2/2015,0,8,-30
125,"Harrison, Kara",10007,62065,0,19,Production Technician I,1886,1974-05-02,F,Married,US Citizen,No,White,5/12/2014,N/A-StillEmployed,Active,Production       ,Amy Dunn,11.0,CareerBuilder,Exceeds,4.76,4,2/15/2019,0,5,48
126,"Heitzman, Anthony",10129,46998,0,19,Production Technician I,2149,1984-01-04,M ,Single,US Citizen,No,White,8/13/2012,N/A-StillEmployed,Active,Production       ,Ketsia Liebig,19.0,Google Search,Fully Meets,4.17,4,2/11/2019,0,1,39
127,"Hendrickson, Trina",10075,68099,1,20,Production Technician II,2021,2072-08-27,F,Single,US Citizen,No,White,1/10/2011,hours,Voluntarily Terminated,Production       ,Kelley Spirea,18.0,CareerBuilder,Fully Meets,5.0,3,1/30/2013,0,15,-50
128,"Hitchcock, Alfred",10167,70545,0,3,Area Sales Manager,3062,1988-09-14,M ,Married,US Citizen,No,American Indian or Alaska Native,8/18/2014,N/A-StillEmployed,Active,Sales,John Smith,17.0,Indeed,Fully Meets,3.6,5,1/30/2019,0,9,34
129,"Homberger, Adrienne  J",10195,63478,1,20,Production Technician II,2445,1984-02-16,F,Married,Non-Citizen,No,White,8/15/2011,relocation out of area,Voluntarily Terminated,Production       ,Michael Albert,30.0,Indeed,Fully Meets,3.03,5,3/5/2012,0,16,39
130,"Horton, Jayne",10112,97999,0,8,Database Administrator,2493,1984-02-21,F,Single,US Citizen,No,White,3/30/2015,N/A-StillEmployed,Active,IT/IS,Simon Roup,4.0,Indeed,Fully Meets,4.48,5,1/3/2019,0,4,39
131,"Houlihan, Debra",10272,180000,0,11,Director of Sales,2908,2066-03-17,F,Married,US Citizen,No,White,5/5/2014,N/A-StillEmployed,Active,Sales,Janet King,2.0,LinkedIn,Fully Meets,4.5,4,1/21/2019,0,19,-44
132,"Howard, Estelle",10182,49920,1,2,Administrative Assistant,2170,1985-09-16,F,Married,US Citizen,No,Black or African American,2/16/2015,"no-call, no-show",Terminated for Cause,Admin Offices,Brandon R. LeBlanc,1.0,Indeed,Fully Meets,3.24,3,4/15/2015,0,6,37
133,"Hudson, Jane",10248,55425,0,19,Production Technician I,2176,1986-06-10,F,Single,US Citizen,No,White,2/20/2012,N/A-StillEmployed,Active,Production       ,Ketsia Liebig,19.0,LinkedIn,Fully Meets,4.8,4,1/7/2019,0,4,36
134,"Hunts, Julissa",10201,69340,0,20,Production Technician II,2021,1984-03-11,F,Single,US Citizen,No,White,6/6/2016,N/A-StillEmployed,Active,Production       ,Elijiah Gray,16.0,LinkedIn,Fully Meets,3.0,5,1/18/2019,0,4,38
135,"Hutter, Rosalie",10214,64995,0,20,Production Technician II,2351,1992-05-07,F,Separated,US Citizen,No,White,6/5/2015,N/A-StillEmployed,Active,Production       ,Webster Butler,,Indeed,Fully Meets,4.5,3,2/14/2019,0,6,30
136,"Huynh, Ming",10160,68182,1,20,Production Technician II,1742,1976-09-22,F,Divorced,US Citizen,No,White,2/21/2011,unhappy,Voluntarily Terminated,Production       ,Amy Dunn,11.0,Google Search,Fully Meets,3.72,3,2/1/2013,0,18,46
137,"Immediato, Walter",10289,83082,1,18,Production Manager,2128,1976-11-15,M ,Married,US Citizen,No,Asian,2/21/2011,unhappy,Voluntarily Terminated,Production       ,Janet King,2.0,Indeed,Needs Improvement,2.34,2,4/12/2012,3,4,46
138,"Ivey, Rose ",10139,51908,0,19,Production Technician I,1775,1991-01-28,F,Single,US Citizen,No,White,8/19/2013,N/A-StillEmployed,Active,Production       ,Brannon Miller,12.0,Indeed,Fully Meets,3.99,3,1/14/2019,0,14,32
139,"Jackson, Maryellen",10227,61242,0,19,Production Technician I,2081,2072-09-11,F,Single,US Citizen,No,Black or African American,11/5/2012,N/A-StillEmployed,Active,Production       ,David Stanley,14.0,LinkedIn,Fully Meets,4.1,3,1/17/2019,0,7,-50
140,"Jacobi, Hannah  ",10236,45069,0,19,Production Technician I,1778,2066-03-22,F,Divorced,US Citizen,No,White,9/30/2013,N/A-StillEmployed,Active,Production       ,Kissy Sullivan,20.0,Employee Referral,Fully Meets,4.3,5,2/22/2019,0,7,-44
141,"Jeannite, Tayana",10009,60724,0,20,Production Technician II,1821,1986-11-06,F,Divorced,US Citizen,No,American Indian or Alaska Native,7/5/2011,N/A-StillEmployed,Active,Production       ,Ketsia Liebig,19.0,LinkedIn,Exceeds,4.6,4,2/25/2019,0,11,36
142,"Jhaveri, Sneha  ",10060,60436,0,19,Production Technician I,2109,2064-04-13,F,Separated,US Citizen,No,White,1/6/2014,N/A-StillEmployed,Active,Production       ,Kelley Spirea,18.0,LinkedIn,Fully Meets,5.0,5,1/21/2019,0,9,-42
143,"Johnson, George",10034,46837,1,19,Production Technician I,2445,2059-08-19,M ,Married,US Citizen,No,White,11/7/2011,more money,Voluntarily Terminated,Production       ,Michael Albert,22.0,CareerBuilder,Exceeds,4.7,4,2/14/2018,0,9,-37
144,"Johnson, Noelle ",10156,105700,0,8,Database Administrator,2301,1986-11-07,F,Married,US Citizen,No,Asian,1/5/2015,N/A-StillEmployed,Active,IT/IS,Simon Roup,4.0,Indeed,Fully Meets,3.75,3,2/11/2019,0,2,36
145,"Johnston, Yen",10036,63322,0,20,Production Technician II,2128,2069-09-08,F,Single,US Citizen,No,White,7/7/2014,N/A-StillEmployed,Active,Production       ,Brannon Miller,12.0,LinkedIn,Exceeds,4.3,3,1/11/2019,0,1,-47
146,"Jung, Judy  ",10138,61154,1,19,Production Technician I,2446,1986-04-17,F,Married,US Citizen,No,Black or African American,1/10/2011,unhappy,Voluntarily Terminated,Production       ,Elijiah Gray,16.0,CareerBuilder,Fully Meets,4.0,4,2/3/2016,0,4,36
147,"Kampew, Donysha",10244,68999,1,21,Sales Manager,19444,1989-11-11,F,Single,US Citizen,No,White,11/7/2011,maternity leave - did not return,Voluntarily Terminated,Sales,Debra Houlihan,15.0,Google Search,Fully Meets,4.5,5,3/30/2013,0,2,33
148,"Keatts, Kramer ",10192,50482,0,19,Production Technician I,1887,1976-01-19,M ,Single,US Citizen,No,White,9/30/2013,N/A-StillEmployed,Active,Production       ,Michael Albert,22.0,Indeed,Fully Meets,3.07,4,1/23/2019,0,10,47
149,"Khemmich, Bartholemew",10231,65310,0,3,Area Sales Manager,80820,1979-11-27,M ,Single,US Citizen,No,White,8/19/2013,N/A-StillEmployed,Active,Sales,Lynn Daneault,21.0,Indeed,Fully Meets,4.3,5,1/22/2019,0,13,43
150,"King, Janet",10089,250000,0,16,President & CEO,1902,2054-09-21,F,Married,US Citizen,Yes,White,7/2/2012,N/A-StillEmployed,Active,Executive Office,Board of Directors,9.0,Indeed,Fully Meets,4.83,3,1/17/2019,0,10,-32
151,"Kinsella, Kathleen  ",10166,54005,1,19,Production Technician I,2170,1973-12-08,F,Married,US Citizen,No,White,9/26/2011,more money,Voluntarily Terminated,Production       ,Webster Butler,39.0,Google Search,Fully Meets,3.6,5,3/1/2015,0,16,49
152,"Kirill, Alexandra  ",10170,45433,1,19,Production Technician I,2127,2070-10-08,F,Married,US Citizen,No,White,9/26/2011,more money,Voluntarily Terminated,Production       ,Amy Dunn,11.0,Google Search,Fully Meets,3.49,4,1/30/2013,0,6,-48
153,"Knapp, Bradley  J",10208,46654,0,19,Production Technician I,1721,1977-11-10,M ,Single,US Citizen,No,Black or African American,2/17/2014,N/A-StillEmployed,Active,Production       ,Ketsia Liebig,19.0,LinkedIn,Fully Meets,3.1,3,2/6/2019,0,3,45
154,"Kretschmer, John",10176,63973,0,19,Production Technician I,1801,1980-02-02,M ,Married,US Citizen,No,Asian,1/10/2011,N/A-StillEmployed,Active,Production       ,Brannon Miller,12.0,Indeed,Fully Meets,3.38,3,1/21/2019,0,17,43
155,"Kreuger, Freddy",10165,71339,0,3,Area Sales Manager,10171,2069-02-24,M ,Single,US Citizen,Yes,Black or African American,3/7/2011,N/A-StillEmployed,Active,Sales,John Smith,17.0,Diversity Job Fair,Fully Meets,3.65,5,1/17/2019,0,20,-47
156,"Lajiri,  Jyoti",10113,93206,0,28,Sr. Network Engineer,2169,1986-04-23,M ,Married,US Citizen,No,White,11/10/2014,N/A-StillEmployed,Active,IT/IS,Peter Monroe,7.0,Employee Referral,Fully Meets,4.46,5,1/7/2019,0,7,36
157,"Landa, Hans",10092,82758,1,18,Production Manager,1890,2072-07-01,M ,Married,US Citizen,No,White,1/10/2011,attendance,Terminated for Cause,Production       ,Janet King,2.0,Employee Referral,Fully Meets,4.78,4,2/15/2015,0,9,-50
158,"Langford, Lindsey",10106,66074,1,20,Production Technician II,2090,1979-07-25,F,Divorced,US Citizen,No,Asian,1/7/2013,Another position,Voluntarily Terminated,Production       ,David Stanley,14.0,Indeed,Fully Meets,4.52,3,2/20/2014,0,20,43
159,"Langton, Enrico",10052,46120,0,19,Production Technician I,2048,1986-12-09,M ,Married,US Citizen,No,White,7/9/2012,N/A-StillEmployed,Active,Production       ,David Stanley,14.0,LinkedIn,Fully Meets,5.0,5,2/4/2019,0,13,36
160,"LaRotonda, William  ",10038,64520,0,1,Accountant I,1460,1984-04-26,M ,Divorced,US Citizen,No,Black or African American,1/6/2014,N/A-StillEmployed,Active,Admin Offices,Brandon R. LeBlanc,1.0,Website,Fully Meets,5.0,4,1/17/2019,0,3,38
161,"Latif, Mohammed",10249,61962,1,20,Production Technician II,2126,1984-05-09,M ,Married,US Citizen,No,White,4/2/2012,more money,Voluntarily Terminated,Production       ,Kissy Sullivan,20.0,Google Search,Fully Meets,4.9,3,2/20/2013,0,20,38
162,"Le, Binh",10232,81584,0,22,Senior BI Developer,1886,1987-06-14,F,Single,US Citizen,No,Asian,10/2/2016,N/A-StillEmployed,Active,IT/IS,Brian Champaigne,13.0,Indeed,Fully Meets,4.1,5,1/8/2019,0,2,35
163,"Leach, Dallas",10087,63676,1,19,Production Technician I,1810,1979-01-17,F,Single,US Citizen,No,Asian,9/26/2011,return to school,Voluntarily Terminated,Production       ,Kissy Sullivan,20.0,CareerBuilder,Fully Meets,4.88,3,7/2/2017,0,17,44
164,"LeBlanc, Brandon  R",10134,93046,0,23,Shared Services Manager,1460,1984-06-10,M ,Married,US Citizen,No,White,1/5/2016,N/A-StillEmployed,Active,Admin Offices,Janet King,2.0,CareerBuilder,Fully Meets,4.1,4,1/28/2019,0,20,38
165,"Lecter, Hannibal",10251,64738,0,19,Production Technician I,1776,1982-09-02,M ,Married,US Citizen,No,Asian,5/14/2012,N/A-StillEmployed,Active,Production       ,Elijiah Gray,16.0,Google Search,Fully Meets,4.1,3,2/22/2019,0,10,40
166,"Leruth, Giovanni",10103,70468,0,3,Area Sales Manager,84111,1988-12-27,M ,Separated,US Citizen,No,Black or African American,4/30/2012,N/A-StillEmployed,Active,Sales,John Smith,17.0,Website,Fully Meets,4.53,3,1/29/2019,0,16,34
167,"Liebig, Ketsia",10017,77915,0,18,Production Manager,2110,1981-10-26,F,Married,US Citizen,No,White,9/30/2013,N/A-StillEmployed,Active,Production       ,Janet King,2.0,Website,Exceeds,4.1,3,1/21/2019,0,11,41
168,"Linares, Marilyn ",10186,52624,1,19,Production Technician I,1886,1981-03-26,F,Married,US Citizen,No,White,7/5/2011,unhappy,Voluntarily Terminated,Production       ,Michael Albert,22.0,Indeed,Fully Meets,3.18,4,3/2/2018,0,16,41
169,"Linden, Mathew",10137,63450,0,20,Production Technician II,1770,1979-03-19,M ,Married,US Citizen,No,White,7/8/2013,N/A-StillEmployed,Active,Production       ,Kelley Spirea,18.0,LinkedIn,Fully Meets,4.0,3,2/18/2019,0,7,43
170,"Lindsay, Leonara ",10008,51777,0,14,IT Support,6070,1988-10-05,F,Single,US Citizen,Yes,Black or African American,1/21/2011,N/A-StillEmployed,Active,IT/IS,Eric Dougall,6.0,Diversity Job Fair,Exceeds,4.64,4,1/25/2019,0,14,34
171,"Lundy, Susan",10096,67237,1,20,Production Technician II,2122,1976-12-26,F,Widowed,US Citizen,No,White,7/8/2013,more money,Voluntarily Terminated,Production       ,Michael Albert,22.0,LinkedIn,Fully Meets,4.65,4,6/10/2016,0,15,46
172,"Lunquist, Lisa",10035,73330,0,20,Production Technician II,2324,1982-03-28,F,Single,US Citizen,No,Black or African American,8/19/2013,N/A-StillEmployed,Active,Production       ,Elijiah Gray,16.0,Indeed,Exceeds,4.2,4,2/12/2019,0,19,40
173,"Lydon, Allison",10057,52057,0,19,Production Technician I,2122,1975-10-22,F,Married,US Citizen,No,Black or African American,2/16/2015,N/A-StillEmployed,Active,Production       ,Elijiah Gray,16.0,Website,Fully Meets,5.0,3,1/23/2019,0,6,47
174,"Lynch, Lindsay",10004,47434,1,19,Production Technician I,1844,1973-02-14,F,Single,US Citizen,Yes,Black or African American,11/7/2011,Another position,Voluntarily Terminated,Production       ,Webster Butler,39.0,Diversity Job Fair,Exceeds,5.0,4,2/2/2015,0,17,50
175,"MacLennan, Samuel",10191,52788,1,19,Production Technician I,1938,2072-11-09,M ,Widowed,US Citizen,No,White,9/24/2012,hours,Voluntarily Terminated,Production       ,Amy Dunn,11.0,Indeed,Fully Meets,3.08,4,4/1/2017,0,18,-50
176,"Mahoney, Lauren  ",10219,45395,0,19,Production Technician I,2189,1986-07-07,F,Single,US Citizen,No,White,1/6/2014,N/A-StillEmployed,Active,Production       ,Ketsia Liebig,19.0,LinkedIn,Fully Meets,4.6,4,2/26/2019,0,14,36
177,"Manchester, Robyn",10077,62385,0,20,Production Technician II,2324,1976-08-25,F,Married,US Citizen,No,White,5/11/2016,N/A-StillEmployed,Active,Production       ,Webster Butler,,LinkedIn,Fully Meets,5.0,3,1/21/2019,0,4,46
178,"Mancuso, Karen",10073,68407,1,20,Production Technician II,2176,1986-12-10,F,Married,US Citizen,No,Two or more races,7/5/2011,Another position,Voluntarily Terminated,Production       ,Amy Dunn,11.0,LinkedIn,Fully Meets,5.0,4,7/2/2012,0,16,36
179,"Mangal, Debbie",10279,61349,0,19,Production Technician I,2451,1974-11-07,F,Married,US Citizen,No,White,11/11/2013,N/A-StillEmployed,Active,Production       ,Brannon Miller,12.0,LinkedIn,Fully Meets,4.1,3,1/22/2019,0,11,48
180,"Martin, Sandra",10110,105688,0,24,Software Engineer,2135,1987-11-07,F,Single,US Citizen,No,Asian,11/11/2013,N/A-StillEmployed,Active,Software Engineering,Alex Sweetwater,10.0,Google Search,Fully Meets,4.5,5,1/14/2019,0,14,35
181,"Maurice, Shana",10053,54132,0,19,Production Technician I,2330,1977-11-22,F,Married,US Citizen,No,White,5/31/2011,N/A-StillEmployed,Active,Production       ,David Stanley,14.0,Indeed,Fully Meets,5.0,4,1/10/2019,0,8,45
182,"Carthy, B'rigit",10076,55315,0,20,Production Technician II,2149,1987-05-21,F,Single,US Citizen,No,Black or African American,3/30/2015,N/A-StillEmployed,Active,Production       ,Ketsia Liebig,19.0,LinkedIn,Fully Meets,5.0,5,2/7/2019,0,16,35
183,"Mckenna, Sandy",10145,62810,0,19,Production Technician I,2184,1987-01-07,F,Married,US Citizen,No,Black or African American,1/7/2013,N/A-StillEmployed,Active,Production       ,Kissy Sullivan,20.0,CareerBuilder,Fully Meets,3.93,3,1/30/2019,0,20,36
184,"McKinzie, Jac",10202,63291,0,3,Area Sales Manager,78789,1984-07-01,M ,Married,US Citizen,No,Two or more races,7/6/2016,N/A-StillEmployed,Active,Sales,Lynn Daneault,21.0,Website,Fully Meets,3.4,4,1/29/2019,0,7,38
185,"Meads, Elizabeth",10128,62659,1,19,Production Technician I,1760,2068-05-30,F,Single,US Citizen,No,Black or African American,4/2/2012,Another position,Voluntarily Terminated,Production       ,Kelley Spirea,18.0,Diversity Job Fair,Fully Meets,4.18,4,2/5/2016,0,17,-46
186,"Medeiros, Jennifer",10068,55688,0,19,Production Technician I,2346,1976-09-22,F,Single,US Citizen,No,White,3/30/2015,N/A-StillEmployed,Active,Production       ,Michael Albert,22.0,CareerBuilder,Fully Meets,5.0,4,1/21/2019,0,10,46
187,"Miller, Brannon",10116,83667,0,18,Production Manager,2045,1981-08-10,M ,Single,US Citizen,yes,Hispanic,8/16/2012,N/A-StillEmployed,Active,Production       ,Janet King,2.0,Indeed,Fully Meets,4.37,3,1/14/2019,0,2,41
188,"Miller, Ned",10298,55800,1,20,Production Technician II,2472,1985-06-29,M ,Single,US Citizen,No,White,8/15/2011,unhappy,Voluntarily Terminated,Production       ,Brannon Miller,12.0,LinkedIn,PIP,3.0,2,1/14/2013,6,6,37
189,"Monkfish, Erasumus",10213,58207,0,20,Production Technician II,1450,1992-08-17,M ,Married,US Citizen,No,White,11/7/2011,N/A-StillEmployed,Active,Production       ,David Stanley,14.0,LinkedIn,Fully Meets,3.7,3,1/8/2019,0,14,30
190,"Monroe, Peter",10288,157000,0,13,IT Manager - Infra,2134,1986-10-05,M ,Married,Eligible NonCitizen,Yes,Black or African American,2/15/2012,N/A-StillEmployed,Active,IT/IS,Jennifer Zamora,5.0,Diversity Job Fair,Needs Improvement,2.39,3,2/22/2019,4,13,36
191,"Monterro, Luisa",10025,72460,0,20,Production Technician II,2126,2070-04-24,F,Single,US Citizen,No,Black or African American,5/13/2013,N/A-StillEmployed,Active,Production       ,Kissy Sullivan,20.0,Indeed,Exceeds,4.7,3,1/14/2019,0,1,-48
192,"Moran, Patrick",10223,72106,0,20,Production Technician II,2127,1976-12-03,M ,Single,US Citizen,No,Black or African American,1/9/2012,N/A-StillEmployed,Active,Production       ,Kelley Spirea,18.0,Diversity Job Fair,Fully Meets,4.1,4,1/31/2019,0,12,46
193,"Morway, Tanya",10151,52599,0,15,Network Engineer,2048,1979-04-04,F,Married,US Citizen,No,White,2/16/2015,N/A-StillEmployed,Active,IT/IS,Peter Monroe,7.0,CareerBuilder,Fully Meets,3.81,3,2/11/2019,0,6,43
194,"Motlagh,  Dawn",10254,63430,0,19,Production Technician I,2453,1984-07-07,F,Divorced,US Citizen,No,White,4/1/2013,N/A-StillEmployed,Active,Production       ,Elijiah Gray,16.0,LinkedIn,Fully Meets,4.4,4,1/17/2019,0,18,38
195,"Moumanil, Maliki ",10120,74417,0,20,Production Technician II,1460,1974-12-01,M ,Separated,US Citizen,No,Black or African American,5/13/2013,N/A-StillEmployed,Active,Production       ,Michael Albert,22.0,LinkedIn,Fully Meets,4.29,5,1/28/2019,0,11,48
196,"Myers, Michael",10216,57575,0,19,Production Technician I,1550,1980-04-18,M ,Single,US Citizen,No,Asian,7/8/2013,N/A-StillEmployed,Active,Production       ,Kissy Sullivan,20.0,LinkedIn,Fully Meets,4.1,4,1/22/2019,0,13,42
197,"Navathe, Kurt",10079,87921,0,22,Senior BI Developer,2056,2070-04-25,M ,Single,US Citizen,No,Asian,2/10/2017,N/A-StillEmployed,Active,IT/IS,Brian Champaigne,13.0,Indeed,Fully Meets,5.0,3,2/25/2019,0,17,-48
198,"Ndzi, Colombui",10215,50470,1,19,Production Technician I,2110,1989-05-02,M ,Single,US Citizen,No,Black or African American,9/26/2011,return to school,Voluntarily Terminated,Production       ,Webster Butler,39.0,Diversity Job Fair,Fully Meets,4.3,3,3/2/2013,0,19,33
199,"Ndzi, Horia",10185,46664,1,19,Production Technician I,2421,1983-03-28,M ,Married,US Citizen,No,White,4/1/2013,more money,Voluntarily Terminated,Production       ,Amy Dunn,11.0,Employee Referral,Fully Meets,3.18,3,3/6/2016,0,10,39
200,"Newman, Richard ",10063,48495,0,19,Production Technician I,2136,1977-04-08,M ,Married,US Citizen,No,White,5/12/2014,N/A-StillEmployed,Active,Production       ,Ketsia Liebig,19.0,LinkedIn,Fully Meets,5.0,5,2/18/2019,0,11,45
201,"Ngodup, Shari ",10037,52984,0,19,Production Technician I,1810,2067-06-03,F,Separated,US Citizen,No,Black or African American,4/1/2013,N/A-StillEmployed,Active,Production       ,Brannon Miller,12.0,Diversity Job Fair,Exceeds,4.0,3,2/13/2019,0,12,-45
202,"Nguyen, Dheepa",10042,63695,0,3,Area Sales Manager,30428,1989-03-31,F,Single,US Citizen,No,Two or more races,7/8/2013,N/A-StillEmployed,Active,Sales,Lynn Daneault,21.0,Indeed,Fully Meets,5.0,5,1/25/2019,0,2,33
203,"Nguyen, Lei-Ming",10206,62061,0,19,Production Technician I,2132,1984-07-07,F,Single,US Citizen,No,White,7/8/2013,N/A-StillEmployed,Active,Production       ,David Stanley,14.0,LinkedIn,Fully Meets,3.6,5,1/2/2019,0,4,38
204,"Nowlan, Kristie",10104,66738,0,20,Production Technician II,1040,1985-11-23,F,Single,US Citizen,No,White,11/10/2014,N/A-StillEmployed,Active,Production       ,Elijiah Gray,16.0,Indeed,Fully Meets,4.53,5,1/16/2019,0,5,37
205,"O'hare, Lynn",10303,52674,1,19,Production Technician I,2152,1980-09-30,F,Single,US Citizen,No,Two or more races,3/31/2014,performance,Terminated for Cause,Production       ,Kissy Sullivan,20.0,LinkedIn,PIP,2.33,2,3/9/2018,6,3,42
206,"Oliver, Brooke ",10078,71966,1,20,Production Technician II,2492,2052-02-11,F,Married,US Citizen,No,Asian,5/14/2012,unhappy,Voluntarily Terminated,Production       ,Webster Butler,39.0,LinkedIn,Fully Meets,5.0,3,7/2/2013,0,17,-29
207,"Onque, Jasmine",10121,63051,0,3,Area Sales Manager,33174,1990-05-11,F,Single,US Citizen,Yes,White,9/30/2013,N/A-StillEmployed,Active,Sales,Lynn Daneault,21.0,Indeed,Fully Meets,4.28,3,1/25/2019,0,1,32
208,"Osturnka, Adeel",10021,47414,0,19,Production Technician I,2478,1976-12-11,M ,Married,US Citizen,No,White,9/30/2013,N/A-StillEmployed,Active,Production       ,Kelley Spirea,18.0,LinkedIn,Exceeds,5.0,3,2/7/2019,0,13,46
209,"Owad, Clinton",10281,53060,0,19,Production Technician I,1760,1979-11-24,M ,Single,US Citizen,No,Black or African American,2/17/2014,N/A-StillEmployed,Active,Production       ,Michael Albert,22.0,LinkedIn,Needs Improvement,4.25,3,2/4/2019,4,6,43
210,"Ozark, Travis",10041,68829,0,3,Area Sales Manager,27229,1982-05-19,M ,Single,US Citizen,No,White,1/5/2015,N/A-StillEmployed,Active,Sales,John Smith,17.0,Website,Fully Meets,5.0,5,1/14/2019,0,18,40
211,"Panjwani, Nina",10148,63515,1,19,Production Technician I,2351,1979-05-01,F,Married,US Citizen,No,White,2/7/2011,Another position,Voluntarily Terminated,Production       ,Elijiah Gray,16.0,Google Search,Fully Meets,3.89,4,3/4/2013,0,7,43
212,"Patronick, Lucas",10005,108987,1,24,Software Engineer,1844,1979-02-20,M ,Single,US Citizen,No,Black or African American,11/7/2011,Another position,Voluntarily Terminated,Software Engineering,Alex Sweetwater,10.0,Diversity Job Fair,Exceeds,5.0,5,8/16/2015,0,13,44
213,"Pearson, Randall",10259,93093,1,9,Data Analyst,2747,1984-09-05,M ,Married,US Citizen,No,White,12/1/2014,performance,Voluntarily Terminated,IT/IS,Simon Roup,4.0,Employee Referral,Fully Meets,4.7,4,1/16/2016,0,19,38
214,"Smith, Martin",10286,53564,1,19,Production Technician I,2458,1988-03-17,M ,Single,US Citizen,No,Black or African American,1/10/2011,career change,Voluntarily Terminated,Production       ,Webster Butler,39.0,Google Search,Needs Improvement,3.54,5,4/6/2017,4,15,34
215,"Pelletier, Ermine",10297,60270,1,20,Production Technician II,2472,1989-07-18,F,Married,US Citizen,No,Asian,7/5/2011,unhappy,Voluntarily Terminated,Production       ,Amy Dunn,11.0,CareerBuilder,Needs Improvement,2.4,5,2/6/2015,5,2,33
216,"Perry, Shakira",10171,45998,1,19,Production Technician I,2176,1986-07-20,F,Single,US Citizen,No,White,5/16/2011,medical issues,Voluntarily Terminated,Production       ,Amy Dunn,11.0,LinkedIn,Fully Meets,3.45,4,5/13/2014,0,5,36
217,"Peters, Lauren",10032,57954,1,20,Production Technician II,1886,1986-08-17,F,Married,US Citizen,No,White,5/16/2011,more money,Voluntarily Terminated,Production       ,Ketsia Liebig,19.0,Indeed,Exceeds,4.2,5,1/10/2013,0,12,36
218,"Peterson, Ebonee  ",10130,74669,1,18,Production Manager,2030,1977-05-09,F,Married,US Citizen,No,White,10/25/2010,Another position,Voluntarily Terminated,Production       ,Janet King,2.0,Indeed,Fully Meets,4.16,5,3/5/2015,0,6,45
219,"Petingill, Shana  ",10217,74226,0,20,Production Technician II,2050,1979-03-10,F,Married,Eligible NonCitizen,No,Asian,4/2/2012,N/A-StillEmployed,Active,Production       ,Brannon Miller,12.0,LinkedIn,Fully Meets,4.3,3,1/14/2019,0,14,43
220,"Petrowsky, Thelma",10016,93554,0,9,Data Analyst,1886,1984-09-16,F,Married,US Citizen,No,Black or African American,11/10/2014,N/A-StillEmployed,Active,IT/IS,Simon Roup,4.0,Employee Referral,Exceeds,4.6,5,1/4/2019,0,16,38
221,"Pham, Hong",10050,64724,1,19,Production Technician I,2451,1988-03-06,M ,Married,US Citizen,No,Asian,7/5/2011,more money,Voluntarily Terminated,Production       ,Brannon Miller,12.0,Google Search,Fully Meets,5.0,3,2/20/2012,0,13,34
222,"Pitt, Brad ",10164,47001,0,19,Production Technician I,2451,1981-11-23,M ,Single,US Citizen,No,White,11/5/2007,N/A-StillEmployed,Active,Production       ,David Stanley,14.0,Google Search,Fully Meets,3.66,3,2/25/2019,0,15,41
223,"Potts, Xana",10124,61844,0,3,Area Sales Manager,40220,1988-08-29,F,Married,US Citizen,No,Black or African American,1/9/2012,N/A-StillEmployed,Active,Sales,Lynn Daneault,21.0,Website,Fully Meets,4.2,5,2/1/2019,0,9,34
224,"Power, Morissa",10187,46799,1,19,Production Technician I,1742,1984-10-15,F,Divorced,Eligible NonCitizen,No,Asian,5/16/2011,Another position,Voluntarily Terminated,Production       ,Kissy Sullivan,20.0,Google Search,Fully Meets,3.17,4,4/2/2018,0,14,38
225,"Punjabhi, Louis  ",10225,59472,0,19,Production Technician I,2109,2061-06-19,M ,Single,US Citizen,No,White,1/6/2014,N/A-StillEmployed,Active,Production       ,Kelley Spirea,18.0,Employee Referral,Fully Meets,4.8,3,1/7/2019,0,14,-39
226,"Purinton, Janine",10262,46430,1,19,Production Technician I,2474,2070-09-22,F,Divorced,US Citizen,No,White,9/24/2012,unhappy,Voluntarily Terminated,Production       ,Kissy Sullivan,20.0,Indeed,Fully Meets,4.5,5,4/2/2013,0,16,-48
227,"Quinn, Sean",10131,83363,1,23,Software Engineer,2045,1984-11-06,M ,Married,Eligible NonCitizen,No,Black or African American,2/21/2011,career change,Voluntarily Terminated,Software Engineering,Janet King,2.0,Diversity Job Fair,Fully Meets,4.15,4,4/19/2014,0,4,38
228,"Rachael, Maggie",10239,95920,0,4,BI Developer,2110,1980-05-12,F,Married,US Citizen,No,Black or African American,10/2/2016,N/A-StillEmployed,Active,IT/IS,Brian Champaigne,13.0,Indeed,Fully Meets,4.4,4,2/6/2019,0,10,42
229,"Rarrick, Quinn",10152,61729,1,19,Production Technician I,2478,1984-12-31,M ,Divorced,US Citizen,No,White,9/26/2011,more money,Voluntarily Terminated,Production       ,Michael Albert,22.0,Indeed,Fully Meets,3.8,5,2/4/2018,0,19,38
230,"Ren, Kylo",10140,61809,0,3,Area Sales Manager,83706,2054-10-12,M ,Married,US Citizen,No,White,5/12/2014,N/A-StillEmployed,Active,Sales,John Smith,17.0,CareerBuilder,Fully Meets,3.98,3,1/28/2019,0,4,-32
231,"Rhoads, Thomas",10058,45115,1,19,Production Technician I,2176,1982-07-22,M ,Divorced,US Citizen,Yes,White,5/16/2011,retiring,Voluntarily Terminated,Production       ,Elijiah Gray,16.0,LinkedIn,Fully Meets,5.0,4,3/30/2015,0,11,40
232,"Rivera, Haley  ",10011,46738,0,19,Production Technician I,2171,1973-01-12,F,Married,US Citizen,No,Asian,11/28/2011,N/A-StillEmployed,Active,Production       ,Webster Butler,,Google Search,Exceeds,4.36,5,2/11/2019,0,16,50
233,"Roberson, May",10230,64971,1,20,Production Technician II,1902,1981-09-05,F,Divorced,Eligible NonCitizen,No,Black or African American,9/26/2011,return to school,Voluntarily Terminated,Production       ,David Stanley,14.0,Google Search,Fully Meets,4.5,4,10/22/2011,0,10,41
234,"Robertson, Peter",10224,55578,1,20,Production Technician II,2138,2072-07-03,M ,Married,US Citizen,No,White,7/5/2011,Another position,Voluntarily Terminated,Production       ,Kissy Sullivan,20.0,Indeed,Fully Meets,4.2,5,1/6/2012,0,13,-50
235,"Robinson, Alain  ",10047,50428,1,19,Production Technician I,1420,1974-01-07,M ,Married,US Citizen,No,Black or African American,1/10/2011,attendance,Voluntarily Terminated,Production       ,Amy Dunn,11.0,Indeed,Fully Meets,5.0,3,1/10/2015,0,11,49
236,"Robinson, Cherly",10285,61422,1,19,Production Technician I,1460,1985-01-07,F,Married,US Citizen,No,White,1/10/2011,attendance,Terminated for Cause,Production       ,Ketsia Liebig,19.0,Indeed,Needs Improvement,3.6,3,4/5/2016,4,16,38
237,"Robinson, Elias",10020,63353,0,19,Production Technician I,1730,1985-01-28,M ,Widowed,US Citizen,No,White,7/8/2013,N/A-StillEmployed,Active,Production       ,Brannon Miller,12.0,Employee Referral,Exceeds,3.6,5,2/11/2019,0,4,38
238,"Roby, Lori ",10162,89883,0,9,Data Analyst,1886,1981-10-11,F,Married,US Citizen,No,White,2/16/2015,N/A-StillEmployed,Active,IT/IS,Simon Roup,4.0,Employee Referral,Fully Meets,3.69,5,2/14/2019,0,15,41
239,"Roehrich, Bianca",10149,120000,1,29,Principal Data Architect,2703,1973-05-27,F,Single,US Citizen,Yes,White,1/5/2015,Another position,Voluntarily Terminated,IT/IS,Simon Roup,4.0,LinkedIn,Fully Meets,3.88,3,2/13/2018,0,12,49
240,"Roper, Katie",10086,150290,0,7,Data Architect,2056,2072-11-21,F,Single,US Citizen,No,Black or African American,1/7/2017,N/A-StillEmployed,Active,IT/IS,Brian Champaigne,13.0,Indeed,Fully Meets,4.94,3,2/6/2019,0,17,-50
241,"Rose, Ashley  ",10054,60627,0,19,Production Technician I,1886,1974-12-05,F,Separated,US Citizen,No,White,1/6/2014,N/A-StillEmployed,Active,Production       ,David Stanley,14.0,Website,Fully Meets,5.0,4,1/31/2019,0,8,48
242,"Rossetti, Bruno",10065,53180,1,19,Production Technician I,2155,1987-03-18,M ,Single,US Citizen,No,White,4/4/2011,Another position,Voluntarily Terminated,Production       ,Kissy Sullivan,20.0,Google Search,Fully Meets,5.0,5,7/2/2018,0,4,35
243,"Roup,Simon",10198,140920,0,13,IT Manager - DB,2481,1973-04-05,M ,Single,US Citizen,No,White,1/20/2013,N/A-StillEmployed,Active,IT/IS,Jennifer Zamora,5.0,Indeed,Fully Meets,3.6,5,2/18/2019,0,13,49
244,"Ruiz, Ricardo",10222,148999,1,13,IT Manager - DB,1915,2064-01-04,M ,Divorced,US Citizen,No,Black or African American,1/9/2012,hours,Voluntarily Terminated,IT/IS,Jennifer Zamora,5.0,Diversity Job Fair,Fully Meets,4.3,4,1/4/2015,0,8,-41
245,"Saada, Adell",10126,86214,0,24,Software Engineer,2132,1986-07-24,F,Married,US Citizen,No,White,11/5/2012,N/A-StillEmployed,Active,Software Engineering,Alex Sweetwater,10.0,Indeed,Fully Meets,4.2,3,2/13/2019,0,2,36
246,"Saar-Beckles, Melinda",10295,47750,0,19,Production Technician I,1801,2068-06-06,F,Single,US Citizen,No,Black or African American,7/4/2016,N/A-StillEmployed,Active,Production       ,Kelley Spirea,18.0,Diversity Job Fair,Needs Improvement,2.6,4,2/18/2019,5,4,-46
247,"Sadki, Nore  ",10260,46428,1,19,Production Technician I,2148,1974-12-21,M ,Single,US Citizen,No,White,1/5/2009,relocation out of area,Voluntarily Terminated,Production       ,Michael Albert,22.0,Google Search,Fully Meets,4.6,5,2/5/2018,0,7,48
248,"Sahoo, Adil",10233,57975,0,20,Production Technician II,2062,1986-04-26,M ,Married,US Citizen,No,White,8/30/2010,N/A-StillEmployed,Active,Production       ,Kelley Spirea,18.0,CareerBuilder,Fully Meets,4.1,3,1/10/2019,0,13,36
249,"Salter, Jason",10229,88527,1,9,Data Analyst ,2452,1987-12-17,M ,Divorced,US Citizen,No,Black or African American,1/5/2015,hours,Voluntarily Terminated,IT/IS,Simon Roup,4.0,LinkedIn,Fully Meets,4.2,3,4/20/2015,0,2,35
250,"Sander, Kamrin",10169,56147,0,19,Production Technician I,2154,1988-07-10,F,Married,US Citizen,No,Black or African American,9/29/2014,N/A-StillEmployed,Active,Production       ,Elijiah Gray,16.0,LinkedIn,Fully Meets,3.51,3,2/18/2019,0,2,34
251,"Sewkumar, Nori",10071,50923,0,19,Production Technician I,2191,1975-03-10,F,Single,US Citizen,No,Asian,9/30/2013,N/A-StillEmployed,Active,Production       ,Webster Butler,,Google Search,Fully Meets,5.0,5,2/6/2019,0,14,47
252,"Shepard, Anita ",10179,50750,0,15,Network Engineer,1773,1981-04-14,F,Married,US Citizen,No,White,9/30/2014,N/A-StillEmployed,Active,IT/IS,Peter Monroe,7.0,LinkedIn,Fully Meets,3.31,3,1/7/2019,0,7,41
253,"Shields, Seffi",10091,52087,0,19,Production Technician I,2149,1985-08-24,F,Married,US Citizen,No,White,8/19/2013,N/A-StillEmployed,Active,Production       ,Amy Dunn,11.0,LinkedIn,Fully Meets,4.81,4,2/15/2019,0,15,37
254,"Simard, Kramer",10178,87826,0,9,Data Analyst,2110,2070-02-08,M ,Married,US Citizen,Yes,White,1/5/2015,N/A-StillEmployed,Active,IT/IS,Simon Roup,4.0,Employee Referral,Fully Meets,3.32,3,1/14/2019,0,16,-47
255,"Singh, Nan ",10039,51920,0,2,Administrative Assistant,2330,1988-05-19,F,Single,US Citizen,No,White,5/1/2015,N/A-StillEmployed,Active,Admin Offices,Brandon R. LeBlanc,1.0,Website,Fully Meets,5.0,3,1/15/2019,0,2,34
256,"Sloan, Constance",10095,63878,1,20,Production Technician II,1851,1987-11-25,F,Single,US Citizen,No,White,10/26/2009,maternity leave - did not return,Voluntarily Terminated,Production       ,Michael Albert,22.0,CareerBuilder,Fully Meets,4.68,4,4/2/2015,0,20,35
257,"Smith, Joe",10027,60656,0,20,Production Technician II,2045,2063-10-30,M ,Single,US Citizen,No,White,9/29/2014,N/A-StillEmployed,Active,Production       ,Elijiah Gray,16.0,Indeed,Exceeds,4.3,3,1/28/2019,0,4,-41
258,"Smith, John",10291,72992,0,21,Sales Manager,1886,1984-08-16,M ,Divorced,US Citizen,No,Black or African American,5/18/2014,N/A-StillEmployed,Active,Sales,Debra Houlihan,15.0,Diversity Job Fair,Needs Improvement,2.4,4,1/16/2019,2,16,38
259,"Smith, Leigh Ann",10153,55000,1,2,Administrative Assistant,1844,1987-06-14,F,Married,US Citizen,No,Black or African American,9/26/2011,career change,Voluntarily Terminated,Admin Offices,Brandon R. LeBlanc,1.0,Diversity Job Fair,Fully Meets,3.8,4,8/15/2013,0,17,35
260,"Smith, Sade",10157,58939,0,19,Production Technician I,2130,2065-02-02,F,Single,US Citizen,No,White,11/11/2013,N/A-StillEmployed,Active,Production       ,Ketsia Liebig,19.0,Employee Referral,Fully Meets,3.73,3,1/24/2019,0,16,-42
261,"Soto, Julia ",10119,66593,0,14,IT Support,2360,1973-03-12,F,Married,US Citizen,No,Black or African American,6/10/2011,N/A-StillEmployed,Active,IT/IS,Eric Dougall,6.0,LinkedIn,Fully Meets,4.3,3,2/8/2019,0,19,49
262,"Soze, Keyser",10180,87565,0,28,Sr. Network Engineer,1545,1983-02-09,M ,Married,US Citizen,No,Asian,6/30/2016,N/A-StillEmployed,Active,IT/IS,Peter Monroe,7.0,LinkedIn,Fully Meets,3.27,4,1/14/2019,0,13,40
263,"Sparks, Taylor  ",10302,64021,0,19,Production Technician I,2093,2068-07-20,F,Married,US Citizen,No,White,2/20/2012,N/A-StillEmployed,Active,Production       ,Brannon Miller,12.0,Indeed,PIP,2.4,2,2/25/2019,6,20,-46
264,"Spirea, Kelley",10090,65714,0,18,Production Manager,2451,1975-09-30,F,Married,US Citizen,No,White,10/2/2012,N/A-StillEmployed,Active,Production       ,Janet King,2.0,LinkedIn,Fully Meets,4.83,5,2/14/2019,0,15,47
265,"Squatrito, Kristen",10030,62425,1,19,Production Technician I,2359,1973-03-26,F,Divorced,US Citizen,No,White,5/13/2013,unhappy,Voluntarily Terminated,Production       ,David Stanley,14.0,LinkedIn,Exceeds,4.1,4,3/2/2015,0,16,49
266,"Stanford,Barbara  M",10278,47961,0,19,Production Technician I,2050,1982-08-25,F,Divorced,US Citizen,No,Two or more races,1/10/2011,N/A-StillEmployed,Active,Production       ,Kissy Sullivan,20.0,Google Search,Fully Meets,4.1,4,2/7/2019,0,9,40
267,"Stansfield, Norman",10307,58273,0,3,Area Sales Manager,89139,1974-05-09,M ,Married,US Citizen,No,White,5/12/2014,N/A-StillEmployed,Active,Sales,Lynn Daneault,21.0,Website,PIP,1.81,2,1/17/2019,3,5,48
268,"Steans, Tyrone  ",10147,63003,0,1,Accountant I,2703,1986-09-01,M ,Single,US Citizen,No,White,9/29/2014,N/A-StillEmployed,Active,Admin Offices,Brandon R. LeBlanc,1.0,Indeed,Fully Meets,3.9,5,1/18/2019,0,9,36
269,"Stoica, Rick",10266,61355,0,19,Production Technician I,2301,1985-03-14,M ,Married,US Citizen,No,Asian,2/17/2014,N/A-StillEmployed,Active,Production       ,Kelley Spirea,18.0,LinkedIn,Fully Meets,4.7,3,1/11/2019,0,4,37
270,"Strong, Caitrin",10241,60120,0,3,Area Sales Manager,59102,1989-05-12,F,Married,US Citizen,No,Black or African American,9/27/2010,N/A-StillEmployed,Active,Sales,John Smith,17.0,Indeed,Fully Meets,4.1,4,1/31/2019,0,18,33
271,"Sullivan, Kissy ",10158,63682,0,18,Production Manager,1776,1978-03-28,F,Married,US Citizen,No,Black or African American,1/8/2009,N/A-StillEmployed,Active,Production       ,Janet King,2.0,Indeed,Fully Meets,3.73,4,1/24/2019,0,12,44
272,"Sullivan, Timothy",10117,63025,0,19,Production Technician I,2747,1982-10-07,M ,Married,US Citizen,Yes,White,1/5/2015,N/A-StillEmployed,Active,Production       ,Michael Albert,22.0,Google Search,Fully Meets,4.36,5,1/24/2019,0,10,40
273,"Sutwell, Barbara",10209,59238,0,19,Production Technician I,2718,2068-08-15,F,Single,Eligible NonCitizen,No,Asian,5/14/2012,N/A-StillEmployed,Active,Production       ,Elijiah Gray,16.0,Indeed,Fully Meets,3.4,5,1/31/2019,0,13,-46
274,"Szabo, Andrew",10024,92989,0,24,Software Engineer,2140,1983-05-06,M ,Single,US Citizen,No,White,7/7/2014,N/A-StillEmployed,Active,Software Engineering,Alex Sweetwater,10.0,LinkedIn,Exceeds,4.5,5,2/18/2019,0,1,39
275,"Tannen, Biff",10173,90100,0,4,BI Developer,2134,1987-10-24,M ,Married,US Citizen,No,White,4/20/2017,N/A-StillEmployed,Active,IT/IS,Brian Champaigne,13.0,Indeed,Fully Meets,3.4,3,1/2/2019,0,14,35
276,"Tavares, Desiree  ",10221,60754,1,19,Production Technician I,1801,1975-04-03,F,Married,Non-Citizen,No,Black or African American,4/27/2009,Another position,Voluntarily Terminated,Production       ,Webster Butler,39.0,Diversity Job Fair,Fully Meets,4.5,5,2/15/2012,0,11,47
277,"Tejeda, Lenora ",10146,72202,1,20,Production Technician II,2129,2053-05-24,F,Married,US Citizen,No,White,5/16/2011,Another position,Voluntarily Terminated,Production       ,Elijiah Gray,16.0,Google Search,Fully Meets,3.93,3,4/18/2017,0,3,-31
278,"Terry, Sharlene ",10161,58370,0,3,Area Sales Manager,97756,2065-05-07,F,Single,US Citizen,No,Black or African American,9/29/2014,N/A-StillEmployed,Active,Sales,Lynn Daneault,21.0,Indeed,Fully Meets,3.69,3,1/28/2019,0,18,-43
279,"Theamstern, Sophia",10141,48413,1,19,Production Technician I,2066,2065-05-09,F,Single,US Citizen,No,White,7/5/2011,return to school,Voluntarily Terminated,Production       ,Amy Dunn,11.0,Indeed,Fully Meets,3.98,4,3/2/2016,0,1,-43
280,"Thibaud, Kenneth",10268,67176,1,20,Production Technician II,2472,1975-09-16,M ,Widowed,US Citizen,No,White,6/25/2007,military,Voluntarily Terminated,Production       ,Webster Butler,39.0,Other,Fully Meets,4.1,4,7/14/2010,0,15,47
281,"Tippett, Jeanette",10123,56339,0,19,Production Technician I,2093,2067-06-05,F,Divorced,US Citizen,No,Black or African American,2/18/2013,N/A-StillEmployed,Active,Production       ,Brannon Miller,12.0,Indeed,Fully Meets,4.21,5,1/14/2019,0,4,-45
282,"Torrence, Jack",10013,64397,0,3,Area Sales Manager,58782,2068-01-15,M ,Separated,US Citizen,No,White,1/9/2006,N/A-StillEmployed,Active,Sales,Lynn Daneault,21.0,Indeed,Exceeds,4.1,3,1/4/2019,0,6,-45
283,"Trang, Mei",10287,63025,0,19,Production Technician I,2021,1983-05-16,F,Single,US Citizen,No,White,2/17/2014,N/A-StillEmployed,Active,Production       ,David Stanley,14.0,LinkedIn,Needs Improvement,2.44,5,2/11/2019,4,18,39
284,"Tredinnick, Neville ",10044,75281,1,15,Network Engineer,1420,1988-05-05,M ,Married,US Citizen,No,White,1/5/2015,medical issues,Voluntarily Terminated,IT/IS,Peter Monroe,7.0,CareerBuilder,Fully Meets,5.0,3,4/15/2015,0,11,34
285,"True, Edward",10102,100416,1,24,Software Engineer,2451,1983-06-14,M ,Single,Non-Citizen,No,Black or African American,2/18/2013,medical issues,Voluntarily Terminated,Software Engineering,Alex Sweetwater,10.0,Diversity Job Fair,Fully Meets,4.6,3,2/12/2017,0,9,39
286,"Trzeciak, Cybil",10270,74813,1,20,Production Technician II,1778,1985-03-15,F,Single,US Citizen,No,White,1/10/2011,unhappy,Voluntarily Terminated,Production       ,Amy Dunn,11.0,LinkedIn,Fully Meets,4.4,3,1/5/2014,0,5,37
287,"Turpin, Jumil",10045,76029,0,15,Network Engineer,2343,2069-03-31,M ,Married,Eligible NonCitizen,No,White,3/30/2015,N/A-StillEmployed,Active,IT/IS,Peter Monroe,7.0,Employee Referral,Fully Meets,5.0,4,1/14/2019,0,8,-47
288,"Valentin,Jackie",10205,57859,0,3,Area Sales Manager,85006,1991-05-23,F,Married,US Citizen,No,Two or more races,7/5/2011,N/A-StillEmployed,Active,Sales,John Smith,17.0,Indeed,Fully Meets,2.81,3,1/17/2019,0,16,31
289,"Veera, Abdellah ",10014,58523,1,19,Production Technician I,2171,1987-01-31,M ,Divorced,US Citizen,No,White,8/13/2012,maternity leave - did not return,Voluntarily Terminated,Production       ,Kissy Sullivan,20.0,LinkedIn,Exceeds,4.5,5,2/1/2016,0,15,36
290,"Vega, Vincent",10144,88976,0,17,Production Manager,2169,2068-10-10,M ,Divorced,US Citizen,No,White,8/1/2011,N/A-StillEmployed,Active,Production       ,Janet King,2.0,Employee Referral,Fully Meets,3.93,3,2/27/2019,0,19,-46
291,"Villanueva, Noah",10253,55875,0,3,Area Sales Manager,4063,1989-07-11,M ,Single,US Citizen,No,Asian,3/5/2012,N/A-StillEmployed,Active,Sales,John Smith,17.0,Website,Fully Meets,4.5,4,1/18/2019,0,11,33
292,"Voldemort, Lord",10118,113999,1,8,Database Administrator,1960,1986-08-07,M ,Married,US Citizen,No,Black or African American,2/16/2015,"no-call, no-show",Terminated for Cause,IT/IS,Simon Roup,4.0,Employee Referral,Fully Meets,4.33,3,2/15/2017,0,9,36
293,"Volk, Colleen",10022,49773,1,19,Production Technician I,2747,1986-06-03,F,Married,US Citizen,No,White,9/26/2011,gross misconduct,Terminated for Cause,Production       ,Kelley Spirea,18.0,Google Search,Exceeds,4.3,5,2/1/2015,0,18,36
294,"Von Massenbach, Anna",10183,62068,0,19,Production Technician I,2124,1985-04-06,F,Single,US Citizen,No,White,7/5/2015,N/A-StillEmployed,Active,Production       ,Michael Albert,22.0,LinkedIn,Fully Meets,3.21,3,1/29/2019,0,7,37
295,"Walker, Roger",10190,66541,0,20,Production Technician II,2459,1976-02-10,M ,Single,US Citizen,No,Black or African American,8/18/2014,N/A-StillEmployed,Active,Production       ,Ketsia Liebig,19.0,Employee Referral,Fully Meets,3.11,5,2/12/2019,0,4,47
296,"Wallace, Courtney  E",10274,80512,1,18,Production Manager,2478,2055-11-14,F,Married,US Citizen,No,Black or African American,9/26/2011,Another position,Voluntarily Terminated,Production       ,Janet King,2.0,Diversity Job Fair,Fully Meets,4.5,3,1/2/2012,0,5,-33
297,"Wallace, Theresa",10293,50274,1,19,Production Technician I,1887,1980-08-02,F,Single,US Citizen,No,White,8/13/2012,career change,Voluntarily Terminated,Production       ,Elijiah Gray,16.0,CareerBuilder,Needs Improvement,2.5,3,9/5/2014,6,13,42
298,"Wang, Charlie",10172,84903,0,22,Senior BI Developer,1887,1981-07-08,M ,Single,US Citizen,No,Asian,2/15/2017,N/A-StillEmployed,Active,IT/IS,Brian Champaigne,13.0,Indeed,Fully Meets,3.42,4,1/4/2019,0,17,41
299,"Warfield, Sarah",10127,107226,0,28,Sr. Network Engineer,2453,1978-05-02,F,Widowed,US Citizen,No,Asian,3/30/2015,N/A-StillEmployed,Active,IT/IS,Peter Monroe,7.0,Employee Referral,Fully Meets,4.2,4,2/5/2019,0,7,44
300,"Whittier, Scott",10072,58371,1,19,Production Technician I,2030,1987-05-24,M ,Single,US Citizen,Yes,White,1/10/2011,hours,Voluntarily Terminated,Production       ,Webster Butler,39.0,LinkedIn,Fully Meets,5.0,5,5/15/2014,0,11,35
301,"Wilber, Barry",10048,55140,1,19,Production Technician I,2324,2065-09-09,M ,Married,Eligible NonCitizen,No,White,5/16/2011,unhappy,Voluntarily Terminated,Production       ,Amy Dunn,11.0,Website,Fully Meets,5.0,3,2/15/2015,0,7,-43
302,"Wilkes, Annie",10204,58062,1,19,Production Technician I,1876,1983-07-30,F,Divorced,US Citizen,No,White,1/10/2011,Another position,Voluntarily Terminated,Production       ,Ketsia Liebig,19.0,Google Search,Fully Meets,3.6,5,2/6/2011,0,9,39
303,"Williams, Jacquelyn  ",10264,59728,1,19,Production Technician I,2109,2069-10-02,F,Single,US Citizen,Yes,Black or African American,1/9/2012,relocation out of area,Voluntarily Terminated,Production       ,Ketsia Liebig,19.0,Diversity Job Fair,Fully Meets,4.3,4,6/2/2014,0,16,-47
304,"Winthrop, Jordan  ",10033,70507,1,20,Production Technician II,2045,2058-11-07,M ,Single,US Citizen,No,White,1/7/2013,retiring,Voluntarily Terminated,Production       ,Brannon Miller,12.0,LinkedIn,Exceeds,5.0,3,1/19/2016,0,7,-36
305,"Wolk, Hang  T",10174,60446,0,20,Production Technician II,2302,1985-04-20,F,Single,US Citizen,No,White,9/29/2014,N/A-StillEmployed,Active,Production       ,David Stanley,14.0,LinkedIn,Fully Meets,3.4,4,2/21/2019,0,14,37
306,"Woodson, Jason",10135,65893,0,20,Production Technician II,1810,1985-05-11,M ,Single,US Citizen,No,White,7/7/2014,N/A-StillEmployed,Active,Production       ,Kissy Sullivan,20.0,LinkedIn,Fully Meets,4.07,4,2/28/2019,0,13,37
307,"Ybarra, Catherine ",10301,48513,1,19,Production Technician I,2458,1982-05-04,F,Single,US Citizen,No,Asian,9/2/2008,Another position,Voluntarily Terminated,Production       ,Brannon Miller,12.0,Google Search,PIP,3.2,2,9/2/2015,5,4,40
308,"Zamora, Jennifer",10010,220450,0,6,CIO,2067,1979-08-30,F,Single,US Citizen,No,White,4/10/2010,N/A-StillEmployed,Active,IT/IS,Janet King,2.0,Employee Referral,Exceeds,4.6,5,2/21/2019,0,16,43
309,"Zhou, Julia",10043,89292,0,9,Data Analyst,2148,1979-02-24,F,Single,US Citizen,No,White,3/30/2015,N/A-StillEmployed,Active,IT/IS,Simon Roup,4.0,Employee Referral,Fully Meets,5.0,3,2/1/2019,0,11,43
310,"Zima, Colleen",10271,45046,0,19,Production Technician I,1730,1978-08-17,F,Widowed,US Citizen,No,Asian,9/29/2014,N/A-StillEmployed,Active,Production       ,David Stanley,14.0,LinkedIn,Fully Meets,4.5,5,1/30/2019,0,2,44
